CustomerID,CustomerName,City,Age
1,Vikrant Ravichandran,Visakhapatnam,49
2,Snehal Shah,Ghaziabad,51
3,Aarav Mehta,Agra,28
4,Pankaj Reddy,Kanpur,27
5,Vikrant Soni,Jodhpur,32
6,Purvi Chopra,Chennai,34
7,Saurav Panchal,Coimbatore,57
8,Tushar Ghosh,Salem,35
9,Jatin Verma,Dehradun,26
10,Deepak Panchal,Ranchi,42
11,Aarohi Banerjee,Nashik,57
12,Akshay Sarkar,Warangal,31
13,Sanjay Reddy,Indore,42
14,Ankita Iyer,Puducherry,67
15,Maya Khan,Ghaziabad,39
16,Shailesh Sundaram,Kolkata,69
17,Mihika Mukherjee,Vadodara,47
18,Nitin Agarwal,Hyderabad,37
19,Anju Basu,Chennai,38
20,Pranav Nair,Ahmedabad,61
21,Aditi Srinivasan,Varanasi,49
22,Nehal Verma,Bhopal,68
23,Kriti Joshi,Amritsar,63
24,Asha Rai,Kochi,66
25,Chirag Bhatt,Gwalior,38
26,Shreya Bose,Mysore,52
27,Mohini Desai,Aurangabad,49
28,Amol Saxena,Nagpur,47
29,Lakshay Patel,Patna,56
30,Sakshi Kapoor,Bhopal,66
31,Dev Joshi,Salem,29
32,Isha Mehta,Indore,58
33,Kajal Dutta,Jodhpur,64
34,Vidya Mishra,Pune,35
35,Ashok Krishnan,Tiruchirappalli,38
36,Vinay Singh,Mysore,30
37,Aarohi Kumar,Coimbatore,38
38,Laxmi Mukherjee,Ranchi,25
39,Aditya Raghunath,Pune,63
40,Pratik Bhatt,Bhopal,57
41,Jaydeep Sen,Jodhpur,63
42,Swati Dey,Tiruchirappalli,24
43,Anjali Menon,Jamshedpur,40
44,Kiran Shah,Mumbai,61
45,Shruti Desai,Chennai,49
46,Pranav Ghosh,Ranchi,28
47,Rupesh Basu,Salem,39
48,Lakshay Banerjee,Aurangabad,39
49,Mohit Bose,Chennai,60
50,Nitin Chatterji,Ghaziabad,42
51,Janvi Kaur,Tiruchirappalli,39
52,Anju Chatterji,Bhopal,45
53,Neeraj Bose,Mysore,46
54,Pragati Rai,Shillong,30
55,Saurav Sharma,Visakhapatnam,35
56,Suresh Banerjee,Mumbai,19
57,Neeraj Chopra,Coimbatore,46
58,Ruchi Mehta,Salem,38
59,Arnav Dutta,Ghaziabad,32
60,Ekta Gupta,Madurai,69
61,Janvi Kapoor,Jaipur,44
62,Soham Rai,Varanasi,67
63,Prachi Iyer,Aligarh,48
64,Anurag Das,Agra,32
65,Kiran Srinivasan,Bangalore,68
66,Esha Banerjee,Aurangabad,40
67,Gurpreet Dutta,Pune,41
68,Isha Ghosh,Kanpur,61
69,Gaurav Sharma,Surat,30
70,Vasudha Basu,Coimbatore,39
71,Vidya Verma,Pune,60
72,Aakash Gupta,Nashik,54
73,Vikram Chakraborty,Patna,50
74,Chandrika Rai,Shillong,20
75,Vineet Shah,Patna,36
76,Shantanu Mukherjee,Tiruchirappalli,40
77,Rahul Nair,Warangal,46
78,Leena Choudhury,Thane,47
79,Krishna Choudhury,Varanasi,56
80,Shreya Pillai,Tirupati,61
81,Esha Chakraborty,Kanpur,64
82,Vikas Bose,Srinagar,42
83,Chhavi Dey,Mysore,54
84,Anita Choudhury,Gurgaon,64
85,Pragati Nair,Varanasi,25
86,Sanjay Kapoor,Faridabad,59
87,Nitin Mukherjee,Pune,33
88,Jitendra Panchal,Kanpur,25
89,Sneha Kapoor,Agra,18
90,Charan Bhattacharya,Navi Mumbai,61
91,Jaydeep Yadav,Aurangabad,22
92,Darshan Chopra,Faridabad,20
93,Rohit Srinivasan,Coimbatore,18
94,Siddharth Bose,Nagpur,21
95,Pranav Das,Tiruchirappalli,57
96,Sakshi Jha,Tirupati,52
97,Pranav Ravichandran,Bhopal,49
98,Veer Mitra,Indore,59
99,Aditi Chakraborty,Agra,51
100,Sanjana Mehta,Dehradun,60
101,Pooja Rai,Ghaziabad,42
102,Naman Nanda,Gurgaon,27
103,Kriti Mukherjee,Lucknow,38
104,Isha Banerjee,Dhanbad,63
105,Vineet Raghunath,Tirupati,56
106,Anil Choudhury,Jamshedpur,44
107,Luv Sundaram,Gurgaon,44
108,Naman Sundaram,Bangalore,19
109,Nikita Ravichandran,Gurgaon,58
110,Anirudh Chakraborty,Gurgaon,65
111,Sanjay Verma,Faridabad,30
112,Gaurav Nanda,Surat,26
113,Gaurav Mishra,Shillong,69
114,Nirmala Sundaram,Gurgaon,53
115,Aarohi Patel,Surat,39
116,Laxmi Chatterjee,Raipur,59
117,Sakshi Soni,Agra,43
118,Rhea Patel,Bhubaneswar,29
119,Lakshay Bhattacharya,Bangalore,34
120,Anil Kumar,Varanasi,31
121,Anil Srinivasan,Bhubaneswar,31
122,Pallavi Srinivasan,Raipur,51
123,Tara Mishra,Tiruchirappalli,37
124,Himanshu Banerjee,Jamshedpur,28
125,Pankhuri Ravichandran,Bhopal,33
126,Tanishq Kumar,Amritsar,68
127,Trisha Senapati,Kolhapur,48
128,Yash Das,Salem,23
129,Sonali Kumar,Gwalior,36
130,Snehal Verma,Dhanbad,54
131,Bhavna Dey,Kanpur,21
132,Ashwin Saxena,Chennai,64
133,Reema Soni,Kolkata,21
134,Bhavna Choudhury,Jaipur,37
135,Saurabh Ravichandran,Kolkata,27
136,Ankita Ghosh,Jaipur,41
137,Rohit Chakraborty,Bhubaneswar,52
138,Rupesh Ghosh,Thane,43
139,Sakshi Chopra,Tirupati,54
140,Naveen Bose,Faridabad,55
141,Lalit Chatterjee,Jamshedpur,38
142,Amrita Pillai,Nagpur,57
143,Jay Dutta,Pune,56
144,Alok Agarwal,Pune,38
145,Shantanu Senapati,Jamshedpur,27
146,Mohini Sundaram,Dehradun,55
147,Aarohi Sharma,Ghaziabad,63
148,Kiran Iyer,Warangal,21
149,Sandeep Nanda,Mumbai,62
150,Anil Srinivasan,Kanpur,37
151,Amol Mitra,Ghaziabad,34
152,Tanya Soni,Indore,24
153,Kiran Agarwal,Delhi,21
154,Sanjana Yadav,Kolkata,46
155,Jatin Raghunath,Agra,31
156,Neha Das,Raipur,20
157,Jatin Ravichandran,Chennai,41
158,Purvi Sundaram,Faridabad,54
159,Shruti Dey,Kolhapur,33
160,Bhavesh Ghosh,Visakhapatnam,69
161,Sakshi Dutta,Kanpur,21
162,Diya Bose,Patna,41
163,Tanya Bose,Nagpur,51
164,Snehal Bhatt,Vijayawada,47
165,Rohit Dhar,Nagpur,35
166,Rupesh Patel,Surat,36
167,Laxmi Dutta,Mysore,48
168,Pankaj Mitra,Srinagar,36
169,Ankita Singh,Navi Mumbai,66
170,Ekta Desai,Vadodara,63
171,Asha Senapati,Tiruchirappalli,36
172,Bhavna Mehta,Madurai,39
173,Soham Verma,Srinagar,41
174,Aakash Das,Pune,62
175,Kartik Iyer,Ranchi,29
176,Nirmala Nair,Tirupati,47
177,Meera Khan,Navi Mumbai,55
178,Akshay Sarkar,Salem,48
179,Ananya Nair,Patna,53
180,Maya Mehta,Kolkata,36
181,Chandrika Jha,Patna,65
182,Asha Pillai,Vadodara,62
183,Tanu Kapoor,Agra,53
184,Dev Das,Puducherry,47
185,Sandeep Senapati,Tirupati,66
186,Ashwin Singh,Faridabad,50
187,Gaurav Sundaram,Chennai,35
188,Aparna Bhattacharya,Dehradun,69
189,Akshay Kaur,Lucknow,66
190,Kanika Panchal,Navi Mumbai,45
191,Akash Dutta,Kochi,64
192,Rahul Mitra,Ranchi,28
193,Gurpreet Banerjee,Bhopal,62
194,Snehal Sundaram,Gurgaon,50
195,Kanika Panchal,Mumbai,34
196,Soumya Dutta,Nagpur,23
197,Nitin Das,Gwalior,21
198,Kiran Reddy,Shillong,37
199,Anil Chatterjee,Nashik,65
200,Ankita Verma,Thane,64
201,Rohit Bhatt,Aurangabad,44
202,Bharat Mukherjee,Ghaziabad,32
203,Laxmi Verma,Puducherry,23
204,Vinay Dhar,Delhi,64
205,Bhagya Krishnan,Dehradun,31
206,Divya Basu,Salem,28
207,Sanjay Chatterjee,Ghaziabad,56
208,Rajesh Jha,Aurangabad,26
209,Sanjay Saxena,Jamshedpur,43
210,Aparna Ghosh,Gwalior,33
211,Ankita Rai,Navi Mumbai,22
212,Jayant Raghunath,Tirupati,69
213,Kartik Chakraborty,Faridabad,27
214,Dinesh Srinivasan,Madurai,67
215,Bhuvan Dutta,Amritsar,20
216,Komal Bose,Madurai,30
217,Jatin Nair,Bangalore,60
218,Mohini Joshi,Bhopal,66
219,Mansi Dey,Amritsar,47
220,Jaya Yadav,Madurai,62
221,Neeraj Mehta,Kolkata,23
222,Yash Desai,Bhubaneswar,34
223,Vandana Nair,Kolhapur,62
224,Vikas Kapoor,Navi Mumbai,68
225,Tanishq Patel,Navi Mumbai,36
226,Divya Chatterjee,Nagpur,59
227,Pratik Khan,Chennai,52
228,Kriti Bose,Srinagar,63
229,Nikita Khan,Patna,43
230,Maya Khan,Dhanbad,68
231,Kishore Ravichandran,Nashik,22
232,Dinesh Kumar,Bhopal,46
233,Anju Raghunath,Gurgaon,54
234,Nitin Nanda,Kochi,37
235,Alokita Panchal,Raipur,66
236,Mohini Bhattacharya,Pune,38
237,Aditi Gupta,Madurai,27
238,Vikrant Singh,Aligarh,22
239,Akash Chatterji,Shillong,53
240,Kiran Pillai,Vijayawada,23
241,Kavya Dutta,Kolhapur,43
242,Mahesh Ghosh,Salem,21
243,Krishna Agarwal,Visakhapatnam,56
244,Anita Krishnan,Visakhapatnam,56
245,Rahul Mukherjee,Bangalore,67
246,Akshay Soni,Puducherry,52
247,Aakash Soni,Hyderabad,18
248,Siddharth Srinivasan,Varanasi,41
249,Shantanu Nanda,Srinagar,53
250,Lakshmi Chatterjee,Faridabad,23
251,Rohan Rai,Warangal,58
252,Usha Panchal,Visakhapatnam,63
253,Sakshi Sharma,Bhubaneswar,61
254,Gaurangi Choudhury,Mysore,48
255,Rhea Raghunath,Ghaziabad,37
256,Kiran Bose,Bangalore,41
257,Lakshmi Sharma,Bhubaneswar,42
258,Ansh Chakraborty,Kolkata,53
259,Preeti Gupta,Coimbatore,38
260,Ashwini Kaur,Mysore,47
261,Reema Iyer,Dehradun,41
262,Mohit Agarwal,Bangalore,61
263,Leena Nanda,Kochi,59
264,Sanjay Kaur,Puducherry,47
265,Vidya Kapoor,Hyderabad,39
266,Pankhuri Basu,Ahmedabad,45
267,Sonam Dhar,Dhanbad,24
268,Pranav Ravichandran,Nagpur,52
269,Sandeep Iyer,Madurai,45
270,Yash Saxena,Srinagar,31
271,Kartik Reddy,Vijayawada,27
272,Indira Dey,Warangal,33
273,Ekta Pillai,Thane,33
274,Vasudha Chatterjee,Kanpur,48
275,Anand Raghunath,Lucknow,59
276,Pankhuri Dey,Chennai,42
277,Gaurangi Ravichandran,Visakhapatnam,30
278,Tarun Soni,Indore,23
279,Nikita Choudhury,Lucknow,61
280,Aakash Gupta,Ranchi,26
281,Aditya Agarwal,Lucknow,62
282,Bhagya Agarwal,Nagpur,53
283,Aarohi Sundaram,Shillong,60
284,Rohit Choudhury,Faridabad,37
285,Sakshi Banerjee,Ahmedabad,35
286,Usha Krishnan,Hyderabad,60
287,Arnav Das,Ghaziabad,38
288,Ankita Nair,Pune,21
289,Gautam Nanda,Ranchi,67
290,Anirudh Verma,Nagpur,50
291,Neeraj Das,Ahmedabad,44
292,Deepa Bansal,Ghaziabad,24
293,Jayant Bhattacharya,Dehradun,23
294,Chhavi Nair,Ranchi,32
295,Anirudh Menon,Puducherry,35
296,Kanika Patel,Warangal,49
297,Gaurav Chatterjee,Puducherry,28
298,Ruchi Saxena,Nagpur,37
299,Alokita Kaur,Puducherry,41
300,Mohit Bansal,Gwalior,32
301,Shantanu Sen,Gwalior,65
302,Ishita Mitra,Salem,24
303,Soham Singh,Dehradun,38
304,Maya Panchal,Warangal,59
305,Harsha Chatterji,Bhopal,43
306,Purvi Kaur,Kolkata,61
307,Neha Dey,Salem,31
308,Asha Dey,Ghaziabad,54
309,Tarun Nanda,Jamshedpur,38
310,Sonali Banerjee,Visakhapatnam,35
311,Preeti Dutta,Bangalore,22
312,Krishna Dutta,Jaipur,20
313,Gina Bhatt,Puducherry,40
314,Suman Banerjee,Ghaziabad,43
315,Esha Choudhury,Raipur,54
316,Gurpreet Iyer,Ranchi,41
317,Gaurav Srinivasan,Ahmedabad,66
318,Anita Chatterjee,Kochi,36
319,Tanya Mitra,Kolkata,68
320,Darshan Mishra,Puducherry,42
321,Gaurav Yadav,Hyderabad,38
322,Diya Bose,Gurgaon,29
323,Sanjay Nair,Gwalior,58
324,Nirmala Soni,Navi Mumbai,50
325,Krishna Dey,Visakhapatnam,67
326,Usha Mitra,Nagpur,21
327,Ashwin Iyer,Kolhapur,59
328,Amol Joshi,Ghaziabad,24
329,Charan Desai,Jamshedpur,39
330,Rohit Ravichandran,Aurangabad,50
331,Sagar Basu,Ranchi,34
332,Yash Panchal,Amritsar,41
333,Pankhuri Dutta,Mysore,51
334,Usha Bose,Jamshedpur,45
335,Luv Reddy,Ranchi,60
336,Lakshay Chatterjee,Bhubaneswar,58
337,Yash Chakraborty,Thane,56
338,Ananya Panchal,Warangal,39
339,Jay Chakraborty,Ranchi,66
340,Vikram Menon,Jamshedpur,34
341,Parth Gupta,Vijayawada,51
342,Arnav Chatterjee,Salem,23
343,Purvi Bhatt,Varanasi,63
344,Rachit Rai,Ghaziabad,23
345,Priyanka Bhattacharya,Vijayawada,51
346,Aakash Sarkar,Srinagar,18
347,Alok Dhar,Indore,27
348,Varun Ghosh,Jamshedpur,38
349,Dinesh Rai,Kolhapur,22
350,Lalit Jha,Pune,19
351,Parth Patel,Jamshedpur,39
352,Akanksha Kaur,Nashik,65
353,Atul Sarkar,Ahmedabad,19
354,Sagar Mehta,Pune,27
355,Ananya Sharma,Ranchi,51
356,Sanjay Ravichandran,Tirupati,33
357,Aakash Joshi,Varanasi,65
358,Jitendra Singh,Hyderabad,68
359,Gina Kumar,Warangal,56
360,Amrita Soni,Agra,39
361,Pankaj Bhattacharya,Warangal,29
362,Maya Chakraborty,Amritsar,41
363,Shivani Bansal,Ahmedabad,64
364,Shantanu Soni,Raipur,57
365,Indira Verma,Ranchi,55
366,Jaya Nair,Lucknow,27
367,Rhea Yadav,Shillong,52
368,Shruti Mitra,Jamshedpur,68
369,Chirag Sharma,Patna,66
370,Sanjana Nair,Coimbatore,49
371,Siddharth Sundaram,Raipur,24
372,Kavita Das,Pune,38
373,Bhavesh Panchal,Warangal,37
374,Sneha Bhattacharya,Dhanbad,43
375,Jaya Choudhury,Gwalior,21
376,Jaya Basu,Nagpur,63
377,Chandni Agarwal,Jodhpur,69
378,Manish Reddy,Pune,39
379,Tara Nanda,Mysore,32
380,Ashok Dutta,Tiruchirappalli,57
381,Ashwin Yadav,Delhi,38
382,Naveen Bhatt,Gurgaon,32
383,Kavya Mitra,Ahmedabad,39
384,Kishore Desai,Vadodara,69
385,Vikas Menon,Thane,45
386,Aakash Panchal,Indore,31
387,Laxmi Raghunath,Visakhapatnam,44
388,Aditi Agarwal,Aligarh,58
389,Naveen Chopra,Hyderabad,57
390,Anirudh Bansal,Faridabad,45
391,Ansh Mehta,Raipur,43
392,Vidhi Iyer,Dehradun,66
393,Jatin Kapoor,Bangalore,19
394,Lakshmi Mehta,Jamshedpur,42
395,Parth Kapoor,Kolkata,20
396,Ashok Saxena,Jaipur,25
397,Suresh Krishnan,Gurgaon,61
398,Charan Kapoor,Faridabad,50
399,Vasudha Mitra,Mysore,59
400,Preeti Jha,Aligarh,69
401,Pratik Mishra,Surat,52
402,Sonali Das,Jaipur,23
403,Veer Kapoor,Surat,56
404,Abhay Nair,Thane,69
405,Kanika Dutta,Faridabad,40
406,Sneha Bhatt,Kanpur,42
407,Ishita Gupta,Delhi,67
408,Kavya Bose,Amritsar,60
409,Rajesh Bansal,Varanasi,36
410,Malhar Pillai,Tiruchirappalli,22
411,Ananya Gupta,Delhi,68
412,Meera Das,Varanasi,28
413,Manish Sharma,Vadodara,29
414,Anjali Choudhury,Kolkata,27
415,Krishna Chopra,Amritsar,25
416,Sandeep Saxena,Patna,41
417,Neeraj Bose,Surat,45
418,Sanjay Jha,Faridabad,58
419,Krishna Nair,Vijayawada,53
420,Ankita Sen,Vadodara,54
421,Yogesh Dutta,Srinagar,38
422,Sakshi Reddy,Kanpur,25
423,Mahesh Kumar,Ahmedabad,26
424,Sandeep Menon,Aurangabad,64
425,Simran Sarkar,Mumbai,32
426,Aditi Panchal,Mysore,65
427,Aviral Nanda,Nashik,63
428,Lakshay Nanda,Bhopal,57
429,Swati Bansal,Ahmedabad,35
430,Sagar Mishra,Nagpur,59
431,Sandeep Desai,Mumbai,37
432,Sonali Dhar,Bhopal,23
433,Aakash Nair,Nashik,29
434,Jaya Nair,Vadodara,19
435,Aditya Sharma,Ranchi,24
436,Gaurav Ghosh,Mysore,33
437,Divya Sen,Gurgaon,20
438,Siddharth Menon,Gwalior,62
439,Prachi Chakraborty,Tirupati,20
440,Mohit Sen,Gwalior,44
441,Maya Raghunath,Kochi,67
442,Aditi Krishnan,Salem,60
443,Anirudh Sharma,Varanasi,57
444,Laxmi Bhattacharya,Raipur,55
445,Simran Pillai,Kanpur,50
446,Mansi Mishra,Kochi,45
447,Diya Basu,Pune,18
448,Esha Shah,Tiruchirappalli,25
449,Sandeep Desai,Visakhapatnam,54
450,Nitin Chopra,Lucknow,49
451,Leena Chakraborty,Bangalore,65
452,Bhavesh Sen,Tiruchirappalli,60
453,Himanshu Krishnan,Jaipur,54
454,Tanishq Bhatt,Chennai,21
455,Darshan Shah,Nashik,47
456,Shivani Nair,Raipur,23
457,Pratik Sen,Pune,63
458,Krishna Sarkar,Aligarh,36
459,Ravi Pillai,Bangalore,49
460,Zoya Nair,Kolkata,26
461,Ruchi Gupta,Dehradun,29
462,Chhavi Singh,Ranchi,28
463,Tarun Mishra,Raipur,63
464,Priyanka Mishra,Mysore,33
465,Sakshi Banerjee,Nagpur,18
466,Pankhuri Sen,Hyderabad,62
467,Akash Panchal,Amritsar,38
468,Rajesh Nair,Aligarh,47
469,Rhea Bose,Puducherry,30
470,Jayant Senapati,Bhopal,51
471,Tara Nair,Salem,21
472,Dev Chatterjee,Madurai,45
473,Mihir Agarwal,Bhopal,55
474,Soumya Chopra,Ranchi,48
475,Manish Agarwal,Aligarh,44
476,Alokita Singh,Vijayawada,22
477,Vinay Singh,Kolkata,42
478,Mohan Bose,Tiruchirappalli,20
479,Reema Choudhury,Jamshedpur,50
480,Reema Jha,Salem,21
481,Snehal Choudhury,Ranchi,42
482,Lalit Nair,Srinagar,37
483,Ashwin Reddy,Nashik,51
484,Akanksha Bhatt,Vijayawada,43
485,Siddharth Mukherjee,Ranchi,22
486,Naina Khan,Indore,52
487,Chandni Kumar,Warangal,45
488,Aakash Gupta,Bhopal,46
489,Anirudh Saxena,Mysore,26
490,Kanika Sen,Madurai,69
491,Krishna Desai,Kanpur,55
492,Jitendra Jha,Navi Mumbai,67
493,Preet Saxena,Bhopal,23
494,Kavya Khan,Delhi,36
495,Malhar Pillai,Nashik,61
496,Aarav Senapati,Surat,28
497,Naina Mishra,Agra,19
498,Bhuvan Dey,Vadodara,64
499,Aakash Mehta,Amritsar,61
500,Gaurav Dutta,Visakhapatnam,61
501,Luv Shah,Delhi,26
502,Kavya Khan,Aligarh,38
503,Anjali Saxena,Tiruchirappalli,41
504,Charan Chatterjee,Jodhpur,51
505,Rakesh Banerjee,Ranchi,39
506,Sanjay Chatterji,Warangal,20
507,Mohit Desai,Dehradun,29
508,Nirmala Nair,Kochi,45
509,Alok Verma,Pune,47
510,Dev Chatterjee,Indore,43
511,Aarav Basu,Kolhapur,65
512,Apoorva Sarkar,Madurai,38
513,Ishita Shah,Shillong,45
514,Preeti Bose,Patna,43
515,Meera Nanda,Bangalore,50
516,Charan Bansal,Gwalior,38
517,Indira Mishra,Surat,52
518,Sanjay Saxena,Delhi,69
519,Rhea Bhattacharya,Raipur,51
520,Bharat Mishra,Mysore,58
521,Anita Yadav,Shillong,68
522,Bharat Singh,Kanpur,64
523,Tarun Verma,Mumbai,35
524,Ananya Bhatt,Thane,28
525,Dev Dey,Salem,40
526,Dev Khan,Lucknow,65
527,Gaurangi Basu,Bhubaneswar,39
528,Alokita Ghosh,Surat,34
529,Gaurav Bhattacharya,Thane,22
530,Sagar Mukherjee,Mumbai,61
531,Dhruv Nanda,Gwalior,28
532,Akash Ravichandran,Kolhapur,47
533,Bhuvan Sen,Kolhapur,32
534,Nirmala Chatterji,Madurai,44
535,Sanjana Nanda,Ghaziabad,52
536,Nisha Das,Delhi,50
537,Mahesh Khan,Mumbai,37
538,Asha Kumar,Ahmedabad,33
539,Parveen Srinivasan,Salem,51
540,Diya Singh,Srinagar,19
541,Sonam Chopra,Kolhapur,52
542,Pranav Pillai,Warangal,57
543,Soumya Banerjee,Surat,45
544,Mahesh Rai,Agra,64
545,Sanjana Nair,Nashik,56
546,Devika Ghosh,Agra,23
547,Gina Banerjee,Dehradun,26
548,Akash Patel,Jaipur,37
549,Purvi Singh,Raipur,18
550,Ravi Kumar,Jaipur,25
551,Manish Sundaram,Bhopal,40
552,Sonam Sarkar,Lucknow,20
553,Leena Patel,Aurangabad,21
554,Ravi Chopra,Kolhapur,42
555,Suresh Saxena,Pune,64
556,Leena Chatterji,Aurangabad,55
557,Jaydeep Gupta,Indore,32
558,Parveen Saxena,Gwalior,38
559,Manish Singh,Raipur,52
560,Aravind Yadav,Jodhpur,63
561,Arvind Sundaram,Puducherry,69
562,Usha Basu,Delhi,31
563,Aakash Saxena,Jamshedpur,53
564,Vikram Sarkar,Aurangabad,29
565,Gurpreet Chopra,Vadodara,34
566,Tushar Nair,Madurai,56
567,Aditi Das,Bhubaneswar,26
568,Sneha Krishnan,Lucknow,52
569,Anand Gupta,Mysore,30
570,Esha Bansal,Patna,32
571,Isha Patel,Vadodara,35
572,Anita Ghosh,Madurai,68
573,Sanjay Yadav,Lucknow,50
574,Neeraj Nanda,Gurgaon,23
575,Preet Mishra,Jamshedpur,44
576,Amol Chopra,Hyderabad,40
577,Vikas Banerjee,Warangal,44
578,Himanshu Srinivasan,Gwalior,51
579,Arnav Pillai,Kochi,63
580,Soumya Sundaram,Salem,55
581,Pankhuri Bhattacharya,Amritsar,31
582,Lalit Desai,Gurgaon,53
583,Lakshmi Chopra,Nashik,25
584,Tanya Sen,Coimbatore,52
585,Rachit Dutta,Agra,36
586,Gaurav Sharma,Aligarh,47
587,Isha Khan,Puducherry,31
588,Mohini Kaur,Bhopal,37
589,Prachi Chopra,Kochi,66
590,Yogesh Nanda,Dehradun,42
591,Anjali Pillai,Mumbai,57
592,Gaurav Reddy,Tirupati,41
593,Atul Gupta,Kanpur,31
594,Sagar Desai,Lucknow,43
595,Mohit Singh,Jaipur,55
596,Shailesh Chatterji,Visakhapatnam,40
597,Jay Bose,Surat,39
598,Anjali Ghosh,Mysore,65
599,Prachi Chakraborty,Bangalore,36
600,Vinay Desai,Kochi,63
601,Divya Nair,Mumbai,68
602,Raj Sarkar,Nashik,20
603,Tanu Chatterjee,Patna,59
604,Neeraj Shah,Chennai,36
605,Kavita Mishra,Kolhapur,26
606,Rajesh Desai,Bhubaneswar,45
607,Lakshay Ghosh,Faridabad,37
608,Vinay Nair,Gwalior,62
609,Indira Nair,Kanpur,24
610,Sanjana Kumar,Bhubaneswar,31
611,Nivedita Joshi,Aurangabad,26
612,Leena Mehta,Tiruchirappalli,36
613,Jay Ravichandran,Vadodara,64
614,Anju Basu,Delhi,69
615,Abhay Das,Raipur,31
616,Pooja Dey,Varanasi,55
617,Abhay Sarkar,Kolhapur,53
618,Naveen Das,Tirupati,57
619,Pooja Srinivasan,Bhubaneswar,34
620,Ekta Singh,Srinagar,47
621,Sanjay Patel,Tiruchirappalli,26
622,Anand Gupta,Madurai,50
623,Priya Bansal,Dhanbad,69
624,Tanu Raghunath,Puducherry,42
625,Himanshu Nair,Gurgaon,31
626,Amrita Basu,Madurai,28
627,Ananya Banerjee,Chennai,52
628,Luv Shah,Jaipur,58
629,Abhay Mehta,Pune,31
630,Akanksha Kaur,Gurgaon,47
631,Kavya Singh,Kolkata,58
632,Rachit Chatterji,Faridabad,21
633,Sanjay Jha,Bhubaneswar,21
634,Soumya Nair,Delhi,45
635,Ashok Dey,Surat,25
636,Bhuvan Bose,Gwalior,19
637,Chandrika Gupta,Bangalore,58
638,Bhavna Chopra,Hyderabad,63
639,Priyanka Ghosh,Salem,39
640,Himanshu Kumar,Jodhpur,58
641,Shruti Chatterjee,Tirupati,33
642,Kavya Saxena,Nashik,46
643,Kanika Bose,Pune,66
644,Usha Saxena,Varanasi,65
645,Varun Ghosh,Pune,47
646,Pranav Bhatt,Jamshedpur,29
647,Dev Ghosh,Chennai,52
648,Mohini Bose,Salem,28
649,Vandana Bhattacharya,Chennai,63
650,Tushar Senapati,Agra,67
651,Pallavi Gupta,Kolkata,38
652,Neha Nanda,Bangalore,38
653,Prachi Mukherjee,Vijayawada,22
654,Siddharth Menon,Salem,65
655,Parth Rai,Bangalore,37
656,Kriti Kaur,Varanasi,54
657,Vidya Ghosh,Coimbatore,20
658,Janvi Khan,Kochi,61
659,Anaya Chatterjee,Amritsar,50
660,Aakash Dhar,Vijayawada,26
661,Vasudha Reddy,Shillong,26
662,Shantanu Dhar,Pune,21
663,Ashok Raghunath,Agra,52
664,Mansi Sharma,Salem,34
665,Neeraj Raghunath,Madurai,51
666,Mahesh Nair,Hyderabad,41
667,Deepa Shah,Surat,49
668,Chandni Basu,Ranchi,18
669,Sonali Panchal,Thane,25
670,Tanya Bansal,Warangal,62
671,Luv Panchal,Indore,40
672,Mohit Mitra,Kolhapur,64
673,Gaurav Ravichandran,Shillong,57
674,Bharat Saxena,Indore,29
675,Purvi Sarkar,Nagpur,29
676,Sanjay Joshi,Coimbatore,63
677,Anurag Jha,Indore,64
678,Aparna Bose,Nagpur,32
679,Nirmala Bhattacharya,Pune,58
680,Leena Raghunath,Ghaziabad,36
681,Jatin Bose,Chennai,43
682,Saurabh Ravichandran,Indore,69
683,Sanjana Panchal,Shillong,46
684,Saurav Das,Srinagar,39
685,Krishna Kaur,Vijayawada,57
686,Neeraj Bose,Dehradun,38
687,Deepak Saxena,Navi Mumbai,68
688,Vijay Krishnan,Dhanbad,55
689,Kishore Joshi,Hyderabad,37
690,Ruchi Yadav,Ghaziabad,46
691,Yogesh Sundaram,Dhanbad,68
692,Bhavna Raghunath,Salem,21
693,Sanjay Kapoor,Ahmedabad,24
694,Neeraj Ghosh,Shillong,45
695,Kishore Joshi,Nashik,45
696,Aakash Choudhury,Ghaziabad,21
697,Varun Pillai,Kolkata,39
698,Leena Soni,Agra,29
699,Naman Choudhury,Patna,62
700,Akshay Kaur,Pune,20
701,Kishore Chatterji,Bhubaneswar,39
702,Darshan Agarwal,Tirupati,61
703,Deepa Soni,Gurgaon,19
704,Apoorva Sharma,Indore,41
705,Rakesh Nair,Nagpur,51
706,Kajal Krishnan,Varanasi,44
707,Rajesh Raghunath,Amritsar,58
708,Gaurav Krishnan,Visakhapatnam,18
709,Bhavesh Nair,Madurai,25
710,Neeraj Singh,Gurgaon,40
711,Sakshi Mehta,Vijayawada,55
712,Abhay Srinivasan,Jamshedpur,23
713,Vikrant Verma,Srinagar,39
714,Divya Bansal,Bangalore,42
715,Swati Soni,Faridabad,35
716,Arjun Sen,Nashik,34
717,Rahul Das,Bangalore,29
718,Sarika Srinivasan,Jodhpur,23
719,Divya Krishnan,Jaipur,43
720,Soham Kaur,Ahmedabad,44
721,Alokita Sharma,Kanpur,25
722,Mansi Srinivasan,Chennai,36
723,Nivedita Banerjee,Vijayawada,59
724,Nirmala Mehta,Raipur,18
725,Laxmi Basu,Delhi,46
726,Nivedita Nair,Patna,62
727,Tanu Kapoor,Kolkata,66
728,Alokita Sen,Kochi,52
729,Gaurav Choudhury,Agra,57
730,Saurav Desai,Ranchi,31
731,Divya Dhar,Bhopal,52
732,Yash Singh,Agra,65
733,Atul Raghunath,Puducherry,62
734,Vikram Menon,Kolhapur,37
735,Mahesh Senapati,Nagpur,66
736,Alok Bansal,Warangal,30
737,Alok Das,Gwalior,55
738,Esha Reddy,Kolhapur,66
739,Ashwin Senapati,Varanasi,63
740,Raj Soni,Patna,66
741,Gina Kaur,Srinagar,25
742,Nitin Bhatt,Kochi,60
743,Aarohi Sharma,Shillong,37
744,Kavya Gupta,Aurangabad,50
745,Bhavna Chopra,Kolhapur,43
746,Sanjay Verma,Shillong,56
747,Meera Iyer,Visakhapatnam,38
748,Arvind Gupta,Kolkata,66
749,Gurpreet Sarkar,Chennai,59
750,Tanya Sen,Indore,60
751,Lakshay Bhattacharya,Mumbai,58
752,Tanya Ravichandran,Visakhapatnam,26
753,Sanjay Bhattacharya,Jaipur,41
754,Bhagya Mishra,Bhopal,54
755,Swati Pillai,Nashik,66
756,Neha Dhar,Kochi,58
757,Rohit Choudhury,Bangalore,34
758,Harsha Nair,Jodhpur,41
759,Anjali Rai,Bangalore,38
760,Isha Patel,Kochi,68
761,Bharat Chakraborty,Patna,56
762,Sonali Raghunath,Visakhapatnam,58
763,Ashwini Bose,Ghaziabad,56
764,Aditya Saxena,Patna,30
765,Nikita Kaur,Lucknow,28
766,Ananya Sen,Mysore,63
767,Gurpreet Chopra,Bangalore,36
768,Parveen Bhatt,Mysore,28
769,Rohit Reddy,Gurgaon,30
770,Jay Dey,Madurai,63
771,Janvi Sarkar,Thane,62
772,Gaurangi Mishra,Visakhapatnam,18
773,Atul Bose,Ahmedabad,57
774,Parth Iyer,Tiruchirappalli,61
775,Sarika Panchal,Indore,36
776,Zoya Khan,Tiruchirappalli,29
777,Chandrika Menon,Chennai,25
778,Sneha Jha,Kochi,25
779,Deepa Sen,Faridabad,62
780,Anirudh Chatterji,Kolkata,29
781,Lakshay Joshi,Mysore,65
782,Tarun Chatterji,Surat,50
783,Aakash Saxena,Amritsar,62
784,Pranav Dhar,Pune,43
785,Nehal Patel,Nashik,56
786,Laxmi Bose,Amritsar,45
787,Raghav Nair,Delhi,22
788,Mahesh Dey,Mysore,25
789,Ishita Saxena,Bhopal,42
790,Chhavi Reddy,Delhi,44
791,Anaya Ghosh,Srinagar,63
792,Anaya Dey,Nagpur,40
793,Gaurav Chakraborty,Tirupati,47
794,Laxmi Sen,Tirupati,62
795,Mahesh Basu,Dehradun,64
796,Jatin Raghunath,Surat,40
797,Deepak Gupta,Thane,66
798,Malhar Das,Visakhapatnam,64
799,Gina Basu,Ghaziabad,37
800,Bhavna Soni,Patna,35
801,Ruchi Chatterji,Ranchi,35
802,Sonali Saxena,Kolkata,19
803,Rajesh Panchal,Tirupati,21
804,Preet Rai,Ranchi,47
805,Isha Mishra,Ranchi,50
806,Sakshi Bose,Bangalore,53
807,Naina Bose,Vijayawada,35
808,Vinay Mukherjee,Vadodara,54
809,Bharat Chakraborty,Thane,36
810,Gaurav Verma,Navi Mumbai,64
811,Aditi Bhattacharya,Hyderabad,45
812,Leena Pillai,Vadodara,57
813,Vidhi Sen,Amritsar,37
814,Anirudh Soni,Lucknow,66
815,Vasudha Bhattacharya,Mysore,50
816,Nirmala Sundaram,Bangalore,29
817,Pankaj Mishra,Kanpur,68
818,Priyanka Srinivasan,Jamshedpur,32
819,Kavya Iyer,Thane,58
820,Naman Agarwal,Bhopal,56
821,Sagar Mehta,Jaipur,19
822,Chandni Mishra,Vijayawada,46
823,Manish Agarwal,Vadodara,58
824,Sanjana Mehta,Jaipur,27
825,Bharat Bhatt,Kochi,19
826,Shailesh Iyer,Nashik,68
827,Vikas Saxena,Jaipur,28
828,Ananya Saxena,Dehradun,30
829,Kavya Choudhury,Tiruchirappalli,27
830,Anand Agarwal,Navi Mumbai,31
831,Saurabh Mishra,Mumbai,35
832,Esha Saxena,Indore,68
833,Sanjay Joshi,Indore,26
834,Anjali Shah,Gurgaon,56
835,Lakshmi Joshi,Delhi,45
836,Tanya Nair,Delhi,20
837,Kartik Mehta,Bhubaneswar,37
838,Mihika Chatterjee,Dhanbad,23
839,Rupesh Menon,Coimbatore,44
840,Kiran Chakraborty,Puducherry,19
841,Anjali Mukherjee,Bhubaneswar,46
842,Vikrant Mishra,Ranchi,55
843,Anjali Menon,Madurai,20
844,Jatin Dutta,Varanasi,33
845,Aditi Chatterji,Bhubaneswar,47
846,Tanishq Verma,Jamshedpur,57
847,Gurpreet Bose,Puducherry,19
848,Deepa Saxena,Kochi,34
849,Mihir Chatterjee,Mumbai,58
850,Aditi Chakraborty,Jodhpur,29
851,Anju Sundaram,Dehradun,52
852,Aditya Kaur,Agra,60
853,Kavita Nair,Visakhapatnam,18
854,Ankita Agarwal,Mumbai,62
855,Dinesh Bhattacharya,Puducherry,32
856,Rhea Patel,Agra,43
857,Mahesh Dutta,Hyderabad,54
858,Dinesh Sen,Bangalore,38
859,Akshay Srinivasan,Jodhpur,66
860,Anita Nair,Nashik,48
861,Apoorva Choudhury,Varanasi,42
862,Suman Dutta,Bhopal,40
863,Priya Chakraborty,Nashik,41
864,Kanika Ravichandran,Lucknow,55
865,Chhavi Sundaram,Vijayawada,45
866,Naman Panchal,Bhubaneswar,38
867,Naveen Agarwal,Hyderabad,60
868,Mohan Bhattacharya,Ahmedabad,35
869,Nisha Bansal,Surat,53
870,Akshay Bose,Nashik,52
871,Vikrant Yadav,Raipur,62
872,Simran Sharma,Jamshedpur,26
873,Krishna Verma,Srinagar,55
874,Jaya Desai,Nashik,47
875,Neha Pillai,Patna,61
876,Pallavi Bhatt,Puducherry,51
877,Pranav Nanda,Srinagar,49
878,Kavita Senapati,Tirupati,20
879,Raghav Panchal,Madurai,20
880,Vineet Rai,Coimbatore,45
881,Vikas Sundaram,Kochi,61
882,Nisha Banerjee,Gwalior,32
883,Ritika Iyer,Kanpur,58
884,Nirmala Nanda,Nashik,40
885,Naina Nanda,Raipur,57
886,Gautam Kumar,Delhi,28
887,Indira Dhar,Amritsar,65
888,Saurav Chopra,Aligarh,49
889,Naman Nair,Patna,53
890,Kavita Joshi,Dhanbad,50
891,Krishna Singh,Kochi,41
892,Mihika Mehta,Faridabad,56
893,Bhavna Kaur,Ranchi,51
894,Neeraj Raghunath,Ranchi,45
895,Lakshmi Nair,Varanasi,54
896,Arjun Bansal,Kolhapur,24
897,Aarav Sen,Nashik,21
898,Mansi Saxena,Kolhapur,54
899,Dhruv Sundaram,Surat,18
900,Aditi Kumar,Gwalior,18
901,Akanksha Gupta,Faridabad,64
902,Laxmi Basu,Coimbatore,37
903,Krishna Rai,Jaipur,36
904,Tanya Yadav,Faridabad,46
905,Parth Sundaram,Ahmedabad,27
906,Naina Mukherjee,Bangalore,35
907,Arnav Krishnan,Aligarh,45
908,Rupesh Mishra,Ranchi,52
909,Aditi Choudhury,Gurgaon,60
910,Anita Basu,Lucknow,64
911,Shailesh Rai,Jamshedpur,48
912,Pallavi Desai,Dhanbad,44
913,Vasudha Sen,Nashik,28
914,Anaya Mitra,Dehradun,66
915,Mohan Verma,Kanpur,66
916,Priya Kapoor,Amritsar,55
917,Chhavi Rai,Pune,22
918,Reema Bose,Agra,25
919,Rachit Mukherjee,Pune,51
920,Amol Shah,Gwalior,65
921,Isha Bose,Bhopal,69
922,Akanksha Chopra,Coimbatore,29
923,Nirmala Sen,Vijayawada,55
924,Rahul Shah,Aurangabad,18
925,Himanshu Mehta,Srinagar,48
926,Simran Senapati,Vadodara,21
927,Shantanu Bhatt,Hyderabad,66
928,Sanjana Nanda,Tirupati,62
929,Mohini Senapati,Salem,67
930,Veer Kapoor,Ahmedabad,22
931,Sandeep Nair,Vijayawada,47
932,Ruchi Krishnan,Puducherry,41
933,Isha Chatterji,Pune,20
934,Naman Kaur,Surat,28
935,Ishita Verma,Pune,62
936,Malhar Ghosh,Vijayawada,21
937,Tanishq Ghosh,Ranchi,43
938,Shivani Nair,Ahmedabad,44
939,Ekta Kumar,Srinagar,63
940,Ashwin Agarwal,Navi Mumbai,60
941,Deepa Kapoor,Aurangabad,44
942,Tanu Senapati,Kochi,59
943,Dhruv Nair,Aurangabad,68
944,Aarav Chatterji,Coimbatore,67
945,Shailesh Panchal,Hyderabad,23
946,Dinesh Dey,Ghaziabad,32
947,Pratik Jha,Nashik,47
948,Bhavesh Joshi,Dhanbad,59
949,Simran Bose,Thane,54
950,Jitendra Nair,Tiruchirappalli,54
951,Devika Chatterjee,Madurai,59
952,Dinesh Bansal,Kanpur,54
953,Anil Bose,Bhopal,52
954,Mahesh Pillai,Vadodara,40
955,Indira Menon,Mumbai,23
956,Rupesh Dey,Navi Mumbai,21
957,Aarohi Desai,Dehradun,35
958,Raksha Kaur,Navi Mumbai,26
959,Anirudh Chakraborty,Ranchi,66
960,Rajesh Choudhury,Hyderabad,46
961,Anita Dhar,Hyderabad,30
962,Pooja Sundaram,Shillong,64
963,Aparna Ghosh,Tirupati,69
964,Tanishq Banerjee,Pune,34
965,Ananya Dutta,Lucknow,62
966,Parveen Soni,Varanasi,49
967,Akshay Joshi,Warangal,65
968,Priyanka Mitra,Tirupati,39
969,Neeraj Kapoor,Aligarh,21
970,Mohini Shah,Dehradun,22
971,Gurpreet Kaur,Coimbatore,54
972,Ashwini Singh,Thane,58
973,Bhavna Choudhury,Pune,66
974,Pallavi Jha,Dhanbad,30
975,Preeti Mishra,Mysore,51
976,Anirudh Khan,Jaipur,62
977,Aakash Bansal,Bangalore,39
978,Manish Sharma,Bhopal,40
979,Ashwini Saxena,Jamshedpur,68
980,Neha Bhatt,Chennai,20
981,Komal Desai,Gwalior,59
982,Preeti Basu,Madurai,51
983,Chhavi Iyer,Delhi,49
984,Ashok Dutta,Visakhapatnam,62
985,Luv Iyer,Faridabad,68
986,Alok Kaur,Faridabad,66
987,Trisha Das,Mysore,38
988,Sneha Basu,Jamshedpur,63
989,Ravi Choudhury,Lucknow,61
990,Leena Chopra,Nashik,38
991,Maya Chatterjee,Madurai,61
992,Bhuvan Sen,Nagpur,28
993,Jyoti Sen,Jodhpur,56
994,Chhavi Singh,Dhanbad,21
995,Tanya Nair,Bangalore,68
996,Indira Shah,Surat,18
997,Meera Kaur,Tirupati,45
998,Abhay Chopra,Thane,41
999,Kiran Choudhury,Indore,52
1000,Sanjay Basu,Tirupati,30
